DATE,PPIACO_NBD19820101,CPIAUCSL_NBD19820101,PCE_NBD19820101,M1,M2
1913-01-01,12.13641,.,.,.,.
1913-02-01,12.03611,.,.,.,.
1913-03-01,12.03611,.,.,.,.
1913-04-01,12.03611,.,.,.,.
1913-05-01,11.93581,.,.,.,.
1913-06-01,11.93581,.,.,.,.
1913-07-01,12.03611,.,.,.,.
1913-08-01,12.03611,.,.,.,.
1913-09-01,12.23671,.,.,.,.
1913-10-01,12.23671,.,.,.,.
1913-11-01,12.13641,.,.,.,.
1913-12-01,11.93581,.,.,.,.
1914-01-01,11.83551,.,.,.,.
1914-02-01,11.83551,.,.,.,.
1914-03-01,11.73521,.,.,.,.
1914-04-01,11.73521,.,.,.,.
1914-05-01,11.63490,.,.,.,.
1914-06-01,11.63490,.,.,.,.
1914-07-01,11.63490,.,.,.,.
1914-08-01,12.03611,.,.,.,.
1914-09-01,12.13641,.,.,.,.
1914-10-01,11.73521,.,.,.,.
1914-11-01,11.73521,.,.,.,.
1914-12-01,11.63490,.,.,.,.
1915-01-01,11.83551,.,.,.,.
1915-02-01,11.83551,.,.,.,.
1915-03-01,11.83551,.,.,.,.
1915-04-01,11.83551,.,.,.,.
1915-05-01,11.93581,.,.,.,.
1915-06-01,11.83551,.,.,.,.
1915-07-01,11.93581,.,.,.,.
1915-08-01,11.83551,.,.,.,.
1915-09-01,11.83551,.,.,.,.
1915-10-01,12.13641,.,.,.,.
1915-11-01,12.33701,.,.,.,.
1915-12-01,12.83852,.,.,.,.
1916-01-01,13.34002,.,.,.,.
1916-02-01,13.54062,.,.,.,.
1916-03-01,13.94183,.,.,.,.
1916-04-01,14.14243,.,.,.,.
1916-05-01,14.24273,.,.,.,.
1916-06-01,14.34303,.,.,.,.
1916-07-01,14.44333,.,.,.,.
1916-08-01,14.74423,.,.,.,.
1916-09-01,15.04514,.,.,.,.
1916-10-01,15.74724,.,.,.,.
1916-11-01,16.85055,.,.,.,.
1916-12-01,17.15145,.,.,.,.
1917-01-01,17.65296,.,.,.,.
1917-02-01,18.05416,.,.,.,.
1917-03-01,18.55567,.,.,.,.
1917-04-01,19.75928,.,.,.,.
1917-05-01,20.86259,.,.,.,.
1917-06-01,21.06319,.,.,.,.
1917-07-01,21.26379,.,.,.,.
1917-08-01,21.56469,.,.,.,.
1917-09-01,21.36409,.,.,.,.
1917-10-01,21.16349,.,.,.,.
1917-11-01,21.26379,.,.,.,.
1917-12-01,21.26379,.,.,.,.
1918-01-01,21.66499,.,.,.,.
1918-02-01,21.16349,.,.,.,.
1918-03-01,21.86560,.,.,.,.
1918-04-01,22.16650,.,.,.,.
1918-05-01,22.16650,.,.,.,.
1918-06-01,22.26680,.,.,.,.
1918-07-01,22.76830,.,.,.,.
1918-08-01,23.26981,.,.,.,.
1918-09-01,23.77131,.,.,.,.
1918-10-01,23.57071,.,.,.,.
1918-11-01,23.57071,.,.,.,.
1918-12-01,23.57071,.,.,.,.
1919-01-01,23.26981,.,.,.,.
1919-02-01,22.46740,.,.,.,.
1919-03-01,22.66800,.,.,.,.
1919-04-01,22.96891,.,.,.,.
1919-05-01,23.37011,.,.,.,.
1919-06-01,23.47041,.,.,.,.
1919-07-01,24.37312,.,.,.,.
1919-08-01,24.97492,.,.,.,.
1919-09-01,24.37312,.,.,.,.
1919-10-01,24.47342,.,.,.,.
1919-11-01,24.97492,.,.,.,.
1919-12-01,26.07823,.,.,.,.
1920-01-01,27.28185,.,.,.,.
1920-02-01,27.18154,.,.,.,.
1920-03-01,27.38215,.,.,.,.
1920-04-01,28.58576,.,.,.,.
1920-05-01,28.88666,.,.,.,.
1920-06-01,28.78636,.,.,.,.
1920-07-01,28.68606,.,.,.,.
1920-08-01,27.88365,.,.,.,.
1920-09-01,26.88064,.,.,.,.
1920-10-01,24.97492,.,.,.,.
1920-11-01,23.06921,.,.,.,.
1920-12-01,20.86259,.,.,.,.
1921-01-01,19.65898,.,.,.,.
1921-02-01,18.15446,.,.,.,.
1921-03-01,17.75326,.,.,.,.
1921-04-01,17.05115,.,.,.,.
1921-05-01,16.64995,.,.,.,.
1921-06-01,16.14845,.,.,.,.
1921-07-01,16.14845,.,.,.,.
1921-08-01,16.14845,.,.,.,.
1921-09-01,16.14845,.,.,.,.
1921-10-01,16.24875,.,.,.,.
1921-11-01,16.24875,.,.,.,.
1921-12-01,16.04814,.,.,.,.
1922-01-01,15.74724,.,.,.,.
1922-02-01,16.04814,.,.,.,.
1922-03-01,16.04814,.,.,.,.
1922-04-01,16.14845,.,.,.,.
1922-05-01,16.64995,.,.,.,.
1922-06-01,16.64995,.,.,.,.
1922-07-01,17.15145,.,.,.,.
1922-08-01,17.05115,.,.,.,.
1922-09-01,17.15145,.,.,.,.
1922-10-01,17.25176,.,.,.,.
1922-11-01,17.35206,.,.,.,.
1922-12-01,17.35206,.,.,.,.
1923-01-01,17.65296,.,.,.,.
1923-02-01,17.85356,.,.,.,.
1923-03-01,18.05416,.,.,.,.
1923-04-01,17.95386,.,.,.,.
1923-05-01,17.55266,.,.,.,.
1923-06-01,17.35206,.,.,.,.
1923-07-01,17.05115,.,.,.,.
1923-08-01,16.95085,.,.,.,.
1923-09-01,17.25176,.,.,.,.
1923-10-01,17.15145,.,.,.,.
1923-11-01,17.05115,.,.,.,.
1923-12-01,16.95085,.,.,.,.
1924-01-01,17.25176,.,.,.,.
1924-02-01,17.25176,.,.,.,.
1924-03-01,17.05115,.,.,.,.
1924-04-01,16.75025,.,.,.,.
1924-05-01,16.54965,.,.,.,.
1924-06-01,16.44935,.,.,.,.
1924-07-01,16.54965,.,.,.,.
1924-08-01,16.75025,.,.,.,.
1924-09-01,16.75025,.,.,.,.
1924-10-01,16.95085,.,.,.,.
1924-11-01,17.15145,.,.,.,.
1924-12-01,17.55266,.,.,.,.
1925-01-01,17.75326,.,.,.,.
1925-02-01,17.95386,.,.,.,.
1925-03-01,17.95386,.,.,.,.
1925-04-01,17.55266,.,.,.,.
1925-05-01,17.55266,.,.,.,.
1925-06-01,17.75326,.,.,.,.
1925-07-01,18.05416,.,.,.,.
1925-08-01,17.95386,.,.,.,.
1925-09-01,17.85356,.,.,.,.
1925-10-01,17.85356,.,.,.,.
1925-11-01,18.05416,.,.,.,.
1925-12-01,17.85356,.,.,.,.
1926-01-01,17.85356,.,.,.,.
1926-02-01,17.65296,.,.,.,.
1926-03-01,17.35206,.,.,.,.
1926-04-01,17.35206,.,.,.,.
1926-05-01,17.35206,.,.,.,.
1926-06-01,17.35206,.,.,.,.
1926-07-01,17.15145,.,.,.,.
1926-08-01,17.15145,.,.,.,.
1926-09-01,17.25176,.,.,.,.
1926-10-01,17.15145,.,.,.,.
1926-11-01,17.05115,.,.,.,.
1926-12-01,16.95085,.,.,.,.
1927-01-01,16.44935,.,.,.,.
1927-02-01,16.64995,.,.,.,.
1927-03-01,16.54965,.,.,.,.
1927-04-01,16.34905,.,.,.,.
1927-05-01,16.24875,.,.,.,.
1927-06-01,16.24875,.,.,.,.
1927-07-01,16.24875,.,.,.,.
1927-08-01,16.44935,.,.,.,.
1927-09-01,16.64995,.,.,.,.
1927-10-01,16.75025,.,.,.,.
1927-11-01,16.64995,.,.,.,.
1927-12-01,16.64995,.,.,.,.
1928-01-01,16.64995,.,.,.,.
1928-02-01,16.54965,.,.,.,.
1928-03-01,16.54965,.,.,.,.
1928-04-01,16.75025,.,.,.,.
1928-05-01,16.85055,.,.,.,.
1928-06-01,16.75025,.,.,.,.
1928-07-01,16.85055,.,.,.,.
1928-08-01,16.85055,.,.,.,.
1928-09-01,17.05115,.,.,.,.
1928-10-01,16.75025,.,.,.,.
1928-11-01,16.54965,.,.,.,.
1928-12-01,16.54965,.,.,.,.
1929-01-01,16.54965,.,.,.,.
1929-02-01,16.44935,.,.,.,.
1929-03-01,16.64995,.,.,.,.
1929-04-01,16.54965,.,.,.,.
1929-05-01,16.34905,.,.,.,.
1929-06-01,16.44935,.,.,.,.
1929-07-01,16.64995,.,.,.,.
1929-08-01,16.64995,.,.,.,.
1929-09-01,16.64995,.,.,.,.
1929-10-01,16.44935,.,.,.,.
1929-11-01,16.14845,.,.,.,.
1929-12-01,16.14845,.,.,.,.
1930-01-01,15.94784,.,.,.,.
1930-02-01,15.74724,.,.,.,.
1930-03-01,15.54664,.,.,.,.
1930-04-01,15.54664,.,.,.,.
1930-05-01,15.34604,.,.,.,.
1930-06-01,15.04514,.,.,.,.
1930-07-01,14.54363,.,.,.,.
1930-08-01,14.54363,.,.,.,.
1930-09-01,14.54363,.,.,.,.
1930-10-01,14.34303,.,.,.,.
1930-11-01,14.04213,.,.,.,.
1930-12-01,13.74122,.,.,.,.
1931-01-01,13.54062,.,.,.,.
1931-02-01,13.23972,.,.,.,.
1931-03-01,13.13942,.,.,.,.
1931-04-01,12.93882,.,.,.,.
1931-05-01,12.63791,.,.,.,.
1931-06-01,12.43731,.,.,.,.
1931-07-01,12.43731,.,.,.,.
1931-08-01,12.43731,.,.,.,.
1931-09-01,12.33701,.,.,.,.
1931-10-01,12.13641,.,.,.,.
1931-11-01,12.13641,.,.,.,.
1931-12-01,11.83551,.,.,.,.
1932-01-01,11.63490,.,.,.,.
1932-02-01,11.43430,.,.,.,.
1932-03-01,11.43430,.,.,.,.
1932-04-01,11.33400,.,.,.,.
1932-05-01,11.13340,.,.,.,.
1932-06-01,11.03310,.,.,.,.
1932-07-01,11.13340,.,.,.,.
1932-08-01,11.23370,.,.,.,.
1932-09-01,11.33400,.,.,.,.
1932-10-01,11.13340,.,.,.,.
1932-11-01,11.03310,.,.,.,.
1932-12-01,10.83250,.,.,.,.
1933-01-01,10.53159,.,.,.,.
1933-02-01,10.33099,.,.,.,.
1933-03-01,10.43129,.,.,.,.
1933-04-01,10.43129,.,.,.,.
1933-05-01,10.83250,.,.,.,.
1933-06-01,11.23370,.,.,.,.
1933-07-01,11.93581,.,.,.,.
1933-08-01,12.03611,.,.,.,.
1933-09-01,12.23671,.,.,.,.
1933-10-01,12.33701,.,.,.,.
1933-11-01,12.33701,.,.,.,.
1933-12-01,12.23671,.,.,.,.
1934-01-01,12.43731,.,.,.,.
1934-02-01,12.73821,.,.,.,.
1934-03-01,12.73821,.,.,.,.
1934-04-01,12.73821,.,.,.,.
1934-05-01,12.73821,.,.,.,.
1934-06-01,12.93882,.,.,.,.
1934-07-01,12.93882,.,.,.,.
1934-08-01,13.23972,.,.,.,.
1934-09-01,13.44032,.,.,.,.
1934-10-01,13.23972,.,.,.,.
1934-11-01,13.23972,.,.,.,.
1934-12-01,13.34002,.,.,.,.
1935-01-01,13.64092,.,.,.,.
1935-02-01,13.74122,.,.,.,.
1935-03-01,13.74122,.,.,.,.
1935-04-01,13.84152,.,.,.,.
1935-05-01,13.84152,.,.,.,.
1935-06-01,13.84152,.,.,.,.
1935-07-01,13.74122,.,.,.,.
1935-08-01,13.94183,.,.,.,.
1935-09-01,13.94183,.,.,.,.
1935-10-01,13.94183,.,.,.,.
1935-11-01,13.94183,.,.,.,.
1935-12-01,14.04213,.,.,.,.
1936-01-01,13.94183,.,.,.,.
1936-02-01,13.94183,.,.,.,.
1936-03-01,13.74122,.,.,.,.
1936-04-01,13.74122,.,.,.,.
1936-05-01,13.54062,.,.,.,.
1936-06-01,13.74122,.,.,.,.
1936-07-01,13.94183,.,.,.,.
1936-08-01,14.04213,.,.,.,.
1936-09-01,14.04213,.,.,.,.
1936-10-01,14.04213,.,.,.,.
1936-11-01,14.24273,.,.,.,.
1936-12-01,14.54363,.,.,.,.
1937-01-01,14.84453,.,.,.,.
1937-02-01,14.94483,.,.,.,.
1937-03-01,15.14544,.,.,.,.
1937-04-01,15.24574,.,.,.,.
1937-05-01,15.14544,.,.,.,.
1937-06-01,15.04514,.,.,.,.
1937-07-01,15.24574,.,.,.,.
1937-08-01,15.14544,.,.,.,.
1937-09-01,15.14544,.,.,.,.
1937-10-01,14.74423,.,.,.,.
1937-11-01,14.44333,.,.,.,.
1937-12-01,14.14243,.,.,.,.
1938-01-01,14.04213,.,.,.,.
1938-02-01,13.84152,.,.,.,.
1938-03-01,13.74122,.,.,.,.
1938-04-01,13.54062,.,.,.,.
1938-05-01,13.54062,.,.,.,.
1938-06-01,13.54062,.,.,.,.
1938-07-01,13.64092,.,.,.,.
1938-08-01,13.44032,.,.,.,.
1938-09-01,13.54062,.,.,.,.
1938-10-01,13.44032,.,.,.,.
1938-11-01,13.44032,.,.,.,.
1938-12-01,13.34002,.,.,.,.
1939-01-01,13.34002,.,.,.,.
1939-02-01,13.34002,.,.,.,.
1939-03-01,13.23972,.,.,.,.
1939-04-01,13.13942,.,.,.,.
1939-05-01,13.13942,.,.,.,.
1939-06-01,13.03912,.,.,.,.
1939-07-01,13.03912,.,.,.,.
1939-08-01,12.93882,.,.,.,.
1939-09-01,13.64092,.,.,.,.
1939-10-01,13.74122,.,.,.,.
1939-11-01,13.64092,.,.,.,.
1939-12-01,13.74122,.,.,.,.
1940-01-01,13.74122,.,.,.,.
1940-02-01,13.64092,.,.,.,.
1940-03-01,13.54062,.,.,.,.
1940-04-01,13.54062,.,.,.,.
1940-05-01,13.54062,.,.,.,.
1940-06-01,13.44032,.,.,.,.
1940-07-01,13.44032,.,.,.,.
1940-08-01,13.44032,.,.,.,.
1940-09-01,13.44032,.,.,.,.
1940-10-01,13.64092,.,.,.,.
1940-11-01,13.74122,.,.,.,.
1940-12-01,13.84152,.,.,.,.
1941-01-01,13.94183,.,.,.,.
1941-02-01,13.94183,.,.,.,.
1941-03-01,14.04213,.,.,.,.
1941-04-01,14.44333,.,.,.,.
1941-05-01,14.64393,.,.,.,.
1941-06-01,15.04514,.,.,.,.
1941-07-01,15.34604,.,.,.,.
1941-08-01,15.64694,.,.,.,.
1941-09-01,15.84754,.,.,.,.
1941-10-01,15.94784,.,.,.,.
1941-11-01,15.94784,.,.,.,.
1941-12-01,16.24875,.,.,.,.
1942-01-01,16.54965,.,.,.,.
1942-02-01,16.75025,.,.,.,.
1942-03-01,16.85055,.,.,.,.
1942-04-01,17.05115,.,.,.,.
1942-05-01,17.05115,.,.,.,.
1942-06-01,17.05115,.,.,.,.
1942-07-01,17.05115,.,.,.,.
1942-08-01,17.15145,.,.,.,.
1942-09-01,17.25176,.,.,.,.
1942-10-01,17.25176,.,.,.,.
1942-11-01,17.35206,.,.,.,.
1942-12-01,17.45236,.,.,.,.
1943-01-01,17.55266,.,.,.,.
1943-02-01,17.75326,.,.,.,.
1943-03-01,17.85356,.,.,.,.
1943-04-01,17.95386,.,.,.,.
1943-05-01,17.95386,.,.,.,.
1943-06-01,17.95386,.,.,.,.
1943-07-01,17.85356,.,.,.,.
1943-08-01,17.85356,.,.,.,.
1943-09-01,17.85356,.,.,.,.
1943-10-01,17.85356,.,.,.,.
1943-11-01,17.75326,.,.,.,.
1943-12-01,17.85356,.,.,.,.
1944-01-01,17.85356,.,.,.,.
1944-02-01,17.85356,.,.,.,.
1944-03-01,17.95386,.,.,.,.
1944-04-01,17.95386,.,.,.,.
1944-05-01,17.95386,.,.,.,.
1944-06-01,18.05416,.,.,.,.
1944-07-01,17.95386,.,.,.,.
1944-08-01,17.95386,.,.,.,.
1944-09-01,17.95386,.,.,.,.
1944-10-01,17.95386,.,.,.,.
1944-11-01,18.05416,.,.,.,.
1944-12-01,18.05416,.,.,.,.
1945-01-01,18.15446,.,.,.,.
1945-02-01,18.15446,.,.,.,.
1945-03-01,18.15446,.,.,.,.
1945-04-01,18.25476,.,.,.,.
1945-05-01,18.35507,.,.,.,.
1945-06-01,18.35507,.,.,.,.
1945-07-01,18.35507,.,.,.,.
1945-08-01,18.25476,.,.,.,.
1945-09-01,18.15446,.,.,.,.
1945-10-01,18.25476,.,.,.,.
1945-11-01,18.45537,.,.,.,.
1945-12-01,18.45537,.,.,.,.
1946-01-01,18.45537,.,.,.,.
1946-02-01,18.55567,.,.,.,.
1946-03-01,18.85657,.,.,.,.
1946-04-01,19.05717,.,.,.,.
1946-05-01,19.15747,.,.,.,.
1946-06-01,19.45838,.,.,.,.
1946-07-01,21.56469,.,.,.,.
1946-08-01,22.26680,.,.,.,.
1946-09-01,21.46439,.,.,.,.
1946-10-01,23.16951,.,.,.,.
1946-11-01,24.17252,.,.,.,.
1946-12-01,24.37312,.,.,.,.
1947-01-01,24.57372,22.75424,.,.,.
1947-02-01,24.77432,22.90254,.,.,.
1947-03-01,25.37613,23.30508,.,.,.
1947-04-01,25.17553,23.30508,.,.,.
1947-05-01,25.07523,23.25212,.,.,.
1947-06-01,25.07523,23.38983,.,.,.
1947-07-01,25.37613,23.54873,.,.,.
1947-08-01,25.67703,23.72881,.,.,.
1947-09-01,26.17854,24.19492,.,.,.
1947-10-01,26.47944,24.26907,.,.,.
1947-11-01,26.78034,24.42797,.,.,.
1947-12-01,27.28185,24.79873,.,.,.
1948-01-01,27.78335,25.08475,.,.,.
1948-02-01,27.28185,25.07415,.,.,.
1948-03-01,27.28185,24.89407,.,.,.
1948-04-01,27.48245,25.23305,.,.,.
1948-05-01,27.58275,25.43432,.,.,.
1948-06-01,27.78335,25.58263,.,.,.
1948-07-01,28.08425,25.84746,.,.,.
1948-08-01,28.28485,25.87924,.,.,.
1948-09-01,28.18455,25.80508,.,.,.
1948-10-01,27.88365,25.75212,.,.,.
1948-11-01,27.88365,25.59322,.,.,.
1948-12-01,27.68305,25.47669,.,.,.
1949-01-01,27.38215,25.43432,.,.,.
1949-02-01,26.88064,25.32839,.,.,.
1949-03-01,26.88064,25.32839,.,.,.
1949-04-01,26.57974,25.33898,.,.,.
1949-05-01,26.37914,25.32839,.,.,.
1949-06-01,26.07823,25.33898,.,.,.
1949-07-01,26.07823,25.10593,.,.,.
1949-08-01,26.07823,25.10593,.,.,.
1949-09-01,26.17854,25.15890,.,.,.
1949-10-01,26.07823,25.07415,.,.,.
1949-11-01,26.07823,25.10593,.,.,.
1949-12-01,25.97793,25.01059,.,.,.
1950-01-01,25.97793,24.90466,.,.,.
1950-02-01,26.17854,25.01059,.,.,.
1950-03-01,26.17854,25.04237,.,.,.
1950-04-01,26.17854,25.05297,.,.,.
1950-05-01,26.47944,25.18008,.,.,.
1950-06-01,26.68004,25.29661,.,.,.
1950-07-01,27.38215,25.49788,.,.,.
1950-08-01,27.98395,25.63559,.,.,.
1950-09-01,28.48546,25.78390,.,.,.
1950-10-01,28.68606,25.95339,.,.,.
1950-11-01,29.08726,26.05932,.,.,.
1950-12-01,29.78937,26.46186,.,.,.
1951-01-01,30.59178,26.88559,.,.,.
1951-02-01,30.99298,27.36229,.,.,.
1951-03-01,30.99298,27.41525,.,.,.
1951-04-01,30.89268,27.45763,.,.,.
1951-05-01,30.79238,27.53178,.,.,.
1951-06-01,30.59178,27.46822,.,.,.
1951-07-01,30.39117,27.44703,.,.,.
1951-08-01,30.19057,27.39407,.,.,.
1951-09-01,30.19057,27.57415,.,.,.
1951-10-01,30.19057,27.71186,.,.,.
1951-11-01,30.19057,27.88136,.,.,.
1951-12-01,30.19057,28.04025,.,.,.
1952-01-01,30.09027,28.01907,.,.,.
1952-02-01,29.88967,27.97669,.,.,.
1952-03-01,29.88967,27.95551,.,.,.
1952-04-01,29.68907,28.02966,.,.,.
1952-05-01,29.68907,28.04025,.,.,.
1952-06-01,29.58877,28.10381,.,.,.
1952-07-01,29.68907,28.26271,.,.,.
1952-08-01,29.88967,28.27331,.,.,.
1952-09-01,29.68907,28.20975,.,.,.
1952-10-01,29.58877,28.27331,.,.,.
1952-11-01,29.38816,28.27331,.,.,.
1952-12-01,29.18756,28.29449,.,.,.
1953-01-01,29.18756,28.22034,.,.,.
1953-02-01,29.18756,28.16737,.,.,.
1953-03-01,29.28786,28.20975,.,.,.
1953-04-01,29.08726,28.27331,.,.,.
1953-05-01,29.18756,28.28390,.,.,.
1953-06-01,29.08726,28.35805,.,.,.
1953-07-01,29.48847,28.37924,.,.,.
1953-08-01,29.38816,28.44280,.,.,.
1953-09-01,29.48847,28.48517,.,.,.
1953-10-01,29.28786,28.54873,.,.,.
1953-11-01,29.18756,28.44280,.,.,.
1953-12-01,29.28786,28.46398,.,.,.
1954-01-01,29.48847,28.53814,.,.,.
1954-02-01,29.38816,28.59110,.,.,.
1954-03-01,29.38816,28.52754,.,.,.
1954-04-01,29.48847,28.45339,.,.,.
1954-05-01,29.48847,28.52754,.,.,.
1954-06-01,29.28786,28.53814,.,.,.
1954-07-01,29.38816,28.45339,.,.,.
1954-08-01,29.38816,28.44280,.,.,.
1954-09-01,29.28786,28.40042,.,.,.
1954-10-01,29.18756,28.30508,.,.,.
1954-11-01,29.28786,28.36864,.,.,.
1954-12-01,29.08726,28.35805,.,.,.
1955-01-01,29.28786,28.35805,.,.,.
1955-02-01,29.38816,28.41102,.,.,.
1955-03-01,29.28786,28.37924,.,.,.
1955-04-01,29.38816,28.37924,.,.,.
1955-05-01,29.18756,28.35805,.,.,.
1955-06-01,29.38816,28.29449,.,.,.
1955-07-01,29.38816,28.34746,.,.,.
1955-08-01,29.48847,28.30508,.,.,.
1955-09-01,29.68907,28.44280,.,.,.
1955-10-01,29.68907,28.41102,.,.,.
1955-11-01,29.58877,28.47458,.,.,.
1955-12-01,29.58877,28.46398,.,.,.
1956-01-01,29.78937,28.42161,.,.,.
1956-02-01,29.88967,28.45339,.,.,.
1956-03-01,29.98997,28.48517,.,.,.
1956-04-01,30.19057,28.52754,.,.,.
1956-05-01,30.39117,28.63347,.,.,.
1956-06-01,30.39117,28.76059,.,.,.
1956-07-01,30.29087,28.90890,.,.,.
1956-08-01,30.49147,28.93008,.,.,.
1956-09-01,30.69208,28.97246,.,.,.
1956-10-01,30.69208,29.14195,.,.,.
1956-11-01,30.79238,29.14195,.,.,.
1956-12-01,30.89268,29.26907,.,.,.
1957-01-01,31.09328,29.31144,.,.,.
1957-02-01,31.09328,29.44915,.,.,.
1957-03-01,31.09328,29.51271,.,.,.
1957-04-01,31.19358,29.58686,.,.,.
1957-05-01,31.09328,29.66102,.,.,.
1957-06-01,31.19358,29.77754,.,.,.
1957-07-01,31.39418,29.86229,.,.,.
1957-08-01,31.49448,29.95763,.,.,.
1957-09-01,31.39418,30.00000,.,.,.
1957-10-01,31.29388,30.00000,.,.,.
1957-11-01,31.39418,30.09534,.,.,.
1957-12-01,31.49448,30.15890,.,.,.
1958-01-01,31.59478,30.33898,.,.,.
1958-02-01,31.59478,30.40254,.,.,.
1958-03-01,31.79539,30.58263,.,.,.
1958-04-01,31.69509,30.65678,.,.,.
1958-05-01,31.79539,30.65678,.,.,.
1958-06-01,31.69509,30.62500,.,.,.
1958-07-01,31.69509,30.60381,.,.,.
1958-08-01,31.69509,30.65678,.,.,.
1958-09-01,31.69509,30.62500,.,.,.
1958-10-01,31.59478,30.62500,.,.,.
1958-11-01,31.69509,30.66737,.,.,.
1958-12-01,31.69509,30.68856,.,.,.
1959-01-01,31.79539,30.73093,15.32722,.,.
1959-02-01,31.79539,30.72034,15.50248,.,.
1959-03-01,31.79539,30.68856,15.65770,.,.
1959-04-01,31.89569,30.69915,15.63267,.,.
1959-05-01,31.89569,30.76271,15.82795,.,.
1959-06-01,31.79539,30.83686,15.93310,.,.
1959-07-01,31.79539,30.87924,15.91307,.,.
1959-08-01,31.69509,30.91102,16.03325,.,.
1959-09-01,31.79539,30.98517,16.23354,.,.
1959-10-01,31.69509,31.09110,16.16344,.,.
1959-11-01,31.59478,31.09110,16.16844,.,.
1959-12-01,31.59478,31.15466,16.16844,.,.
1960-01-01,31.69509,31.11229,16.20350,.,.
1960-02-01,31.69509,31.15466,16.28862,.,.
1960-03-01,31.89569,31.15466,16.53397,.,.
1960-04-01,31.89569,31.29237,16.84943,.,.
1960-05-01,31.79539,31.32415,16.52396,.,.
1960-06-01,31.79539,31.36653,16.52897,.,.
1960-07-01,31.79539,31.30297,16.59406,.,.
1960-08-01,31.69509,31.36653,16.60408,.,.
1960-09-01,31.69509,31.36653,16.69421,.,.
1960-10-01,31.79539,31.51483,16.79435,.,.
1960-11-01,31.79539,31.54661,16.79435,.,.
1960-12-01,31.79539,31.57839,16.58905,.,.
1961-01-01,31.89569,31.61017,16.63412,.,.
1961-02-01,31.89569,31.61017,16.70923,.,.
1961-03-01,31.89569,31.61017,16.90952,.,.
1961-04-01,31.69509,31.57839,16.90451,.,.
1961-05-01,31.59478,31.61017,17.01968,.,.
1961-06-01,31.39418,31.61017,17.06975,.,.
1961-07-01,31.59478,31.69492,17.05473,.,.
1961-08-01,31.59478,31.71610,17.12984,.,.
1961-09-01,31.59478,31.75847,17.24501,.,.
1961-10-01,31.59478,31.75847,17.35016,.,.
1961-11-01,31.59478,31.75847,17.52040,.,.
1961-12-01,31.69509,31.79025,17.64559,.,.
1962-01-01,31.79539,31.82203,17.68564,.,.
1962-02-01,31.79539,31.89619,17.72570,.,.
1962-03-01,31.79539,31.95975,17.89595,.,.
1962-04-01,31.69509,32.00212,17.97607,.,.
1962-05-01,31.59478,32.03390,18.12628,.,.
1962-06-01,31.59478,32.00212,18.04617,.,.
1962-07-01,31.69509,32.01271,18.09624,.,.
1962-08-01,31.69509,32.07627,18.17135,.,.
1962-09-01,31.99599,32.22458,18.46678,.,.
1962-10-01,31.79539,32.18220,18.35161,.,.
1962-11-01,31.79539,32.18220,18.61199,.,.
1962-12-01,31.69509,32.18220,18.70713,.,.
1963-01-01,31.69509,32.24576,18.74718,.,.
1963-02-01,31.59478,32.28814,18.69711,.,.
1963-03-01,31.59478,32.31992,18.77723,.,.
1963-04-01,31.49448,32.28814,18.84733,.,.
1963-05-01,31.59478,32.31992,18.88739,.,.
1963-06-01,31.69509,32.42585,19.11271,.,.
1963-07-01,31.79539,32.51059,19.24791,.,.
1963-08-01,31.69509,32.57415,19.34305,.,.
1963-09-01,31.69509,32.54237,19.30299,.,.
1963-10-01,31.69509,32.57415,19.32803,.,.
1963-11-01,31.79539,32.60593,19.49827,.,.
1963-12-01,31.69509,32.71186,19.76366,.,.
1964-01-01,31.89569,32.77542,19.86881,.,.
1964-02-01,31.69509,32.74364,20.03906,.,.
1964-03-01,31.69509,32.77542,20.11917,.,.
1964-04-01,31.69509,32.78602,20.16925,.,.
1964-05-01,31.59478,32.81780,20.44965,.,.
1964-06-01,31.59478,32.84958,20.59987,.,.
1964-07-01,31.69509,32.86017,20.77512,.,.
1964-08-01,31.69509,32.89195,20.91533,.,.
1964-09-01,31.79539,32.92373,20.86025,.,.
1964-10-01,31.79539,32.96610,21.01047,.,.
1964-11-01,31.79539,33.06144,20.85023,.,.
1964-12-01,31.79539,33.10381,21.08057,.,.
1965-01-01,31.89569,33.13559,21.25081,.,.
1965-02-01,31.99599,33.13559,21.60132,.,.
1965-03-01,31.99599,33.16737,21.69646,.,.
1965-04-01,32.09629,33.24153,21.88674,.,.
1965-05-01,32.19659,33.34746,21.91177,.,.
1965-06-01,32.49749,33.48517,21.79160,.,.
1965-07-01,32.49749,33.45339,22.08202,.,.
1965-08-01,32.49749,33.42161,22.25227,.,.
1965-09-01,32.49749,33.49576,22.63282,.,.
1965-10-01,32.59779,33.52754,22.95829,.,.
1965-11-01,32.69809,33.63347,22.98833,.,.
1965-12-01,32.89870,33.73941,23.11852,.,.
1966-01-01,32.99900,33.77119,23.29378,.,.
1966-02-01,33.29990,33.98305,23.54414,.,.
1966-03-01,33.29990,34.08898,23.78449,.,.
1966-04-01,33.29990,34.19492,23.87963,.,.
1966-05-01,33.29990,34.26907,23.68935,.,.
1966-06-01,33.40020,34.30085,23.80952,.,.
1966-07-01,33.60080,34.37500,24.06489,.,.
1966-08-01,33.70110,34.58686,24.19508,.,.
1966-09-01,33.70110,34.69280,24.49552,.,.
1966-10-01,33.50050,34.79873,24.45045,.,.
1966-11-01,33.40020,34.83051,24.54058,.,.
1966-12-01,33.40020,34.87288,24.62571,.,.
1967-01-01,33.50050,34.85169,24.74588,.,.
1967-02-01,33.50050,34.95763,24.68579,.,.
1967-03-01,33.40020,34.95763,24.82600,.,.
1967-04-01,33.19960,35.06356,25.10140,.,.
1967-05-01,33.40020,35.06356,25.14646,.,.
1967-06-01,33.60080,35.27542,25.37680,.,.
1967-07-01,33.60080,35.38136,25.37179,.,.
1967-08-01,33.50050,35.48729,25.52701,.,.
1967-09-01,33.50050,35.59322,25.81744,.,.
1967-10-01,33.50050,35.69915,25.64719,.,.
1967-11-01,33.50050,35.91102,25.90757,.,.
1967-12-01,33.80140,36.01695,26.29313,.,.
1968-01-01,33.90171,36.12288,26.58355,.,.
1968-02-01,34.10231,36.22881,26.71874,.,.
1968-03-01,34.20261,36.33475,27.25452,.,.
1968-04-01,34.20261,36.44068,27.23950,.,.
1968-05-01,34.30291,36.54661,27.52992,.,.
1968-06-01,34.30291,36.75847,27.85539,.,.
1968-07-01,34.40321,36.97034,28.20089,.,.
1968-08-01,34.30291,37.07627,28.39117,.,.
1968-09-01,34.50351,37.18220,28.45125,.,.
1968-10-01,34.50351,37.39407,28.62150,.,.
1968-11-01,34.60381,37.50000,28.87687,.,.
1968-12-01,34.70411,37.71186,28.86686,.,.
1969-01-01,34.90471,37.81780,29.21737,.,.
1969-02-01,35.10532,37.92373,29.47774,.,.
1969-03-01,35.30592,38.24153,29.48776,.,.
1969-04-01,35.40622,38.45339,29.73812,.,.
1969-05-01,35.60682,38.55932,30.05858,.,.
1969-06-01,35.80742,38.77119,30.08863,.,.
1969-07-01,35.90772,38.98305,30.17876,.,.
1969-08-01,35.80742,39.08898,30.53928,.,.
1969-09-01,35.90772,39.30085,30.70452,.,.
1969-10-01,36.00802,39.51271,30.96991,.,.
1969-11-01,36.20863,39.72458,31.07005,.,.
1969-12-01,36.40923,39.93644,31.18522,.,.
1970-01-01,36.60983,40.14831,31.48065,.,.
1970-02-01,36.81043,40.36017,31.74603,.,.
1970-03-01,36.81043,40.57203,31.66091,.,.
1970-04-01,36.91073,40.78390,31.84618,.,.
1970-05-01,36.91073,40.88983,32.16664,.,.
1970-06-01,37.01103,41.10169,32.36192,.,.
1970-07-01,37.21163,41.20763,32.47208,.,.
1970-08-01,37.01103,41.31356,32.69240,.,.
1970-09-01,37.21163,41.52542,33.00285,.,.
1970-10-01,37.21163,41.73729,32.96280,.,.
1970-11-01,37.21163,41.94915,32.87767,.,.
1970-12-01,37.21163,42.16102,33.32833,.,.
1971-01-01,37.41224,42.26695,33.85409,.,.
1971-02-01,37.81344,42.26695,34.01933,.,.
1971-03-01,37.91374,42.37288,34.14952,.,.
1971-04-01,38.01404,42.47881,34.49001,.,.
1971-05-01,38.21464,42.69068,34.60518,.,.
1971-06-01,38.31494,42.90254,35.04081,.,.
1971-07-01,38.41525,43.00847,34.99574,.,.
1971-08-01,38.61585,43.11441,35.29618,.,.
1971-09-01,38.41525,43.22034,35.70177,.,.
1971-10-01,38.41525,43.32627,35.84197,.,.
1971-11-01,38.41525,43.43220,36.09734,.,.
1971-12-01,38.71615,43.53814,36.47289,.,.
1972-01-01,38.91675,43.64407,36.62811,.,.
1972-02-01,39.31795,43.85593,36.86345,.,.
1972-03-01,39.31795,43.85593,37.51440,.,.
1972-04-01,39.41825,43.96186,37.67964,.,.
1972-05-01,39.61886,44.06780,37.95503,.,.
1972-06-01,39.81946,44.17373,38.13530,.,.
1972-07-01,40.12036,44.27966,38.55090,.,.
1972-08-01,40.22066,44.38559,38.87136,.,.
1972-09-01,40.32096,44.59746,39.11171,.,.
1972-10-01,40.22066,44.70339,39.80271,.,.
1972-11-01,40.42126,44.91525,40.08312,.,.
1972-12-01,41.22367,45.02119,40.36353,.,.
1973-01-01,41.72518,45.23305,40.88428,.,.
1973-02-01,42.52758,45.55085,41.34996,.,.
1973-03-01,43.53059,45.97458,41.70047,.,.
1973-04-01,43.73119,46.29237,41.84568,.,.
1973-05-01,44.63390,46.50424,42.14110,.,.
1973-06-01,45.63691,46.82203,42.27630,.,.
1973-07-01,45.03511,46.82203,42.76701,.,.
1973-08-01,47.64293,47.66949,42.72695,.,.
1973-09-01,46.84052,47.88136,43.52311,.,.
1973-10-01,46.43932,48.30508,43.47304,.,.
1973-11-01,46.63992,48.62288,43.90867,.,.
1973-12-01,47.54263,49.04661,43.89365,.,.
1974-01-01,49.14744,49.57627,44.28922,.,.
1974-02-01,50.15045,50.10593,44.54960,.,.
1974-03-01,50.75226,50.63559,45.13545,.,.
1974-04-01,51.15346,50.95339,45.60613,.,.
1974-05-01,51.95587,51.48305,46.18697,.,.
1974-06-01,52.15647,51.90678,46.46738,.,.
1974-07-01,54.16249,52.22458,46.96310,.,.
1974-08-01,56.06820,52.86017,47.80932,.,.
1974-09-01,56.06820,53.60169,47.82435,.,.
1974-10-01,57.07121,54.02542,48.02964,.,.
1974-11-01,57.57272,54.55508,47.87943,.,.
1974-12-01,57.47242,54.97881,48.15983,.,.
1975-01-01,57.57272,55.40254,48.85083,273.6500000000000000,.
1975-02-01,57.37212,55.72034,49.54184,274.6250000000000000,.
1975-03-01,57.07121,55.93220,49.60192,275.9200000000000000,.
1975-04-01,57.67302,56.14407,49.82224,276.2000000000000000,.
1975-05-01,58.07422,56.25000,51.01898,278.8000000000000000,.
1975-06-01,58.17452,56.67373,51.41455,282.1800000000000000,.
1975-07-01,58.87663,57.20339,52.06549,283.6500000000000000,.
1975-08-01,59.17753,57.41525,52.42602,283.7500000000000000,.
1975-09-01,59.57874,57.83898,52.81658,285.6000000000000000,.
1975-10-01,59.97994,58.15678,53.12203,285.2750000000000000,.
1975-11-01,59.67904,58.58051,53.86811,286.6250000000000000,.
1975-12-01,59.87964,58.89831,54.68429,287.0800000000000000,.
1976-01-01,60.08024,59.11017,55.43538,288.1750000000000000,.
1976-02-01,60.08024,59.21610,55.46542,290.6000000000000000,.
1976-03-01,60.18054,59.32203,55.82595,292.4200000000000000,.
1976-04-01,60.78235,59.42797,56.35171,294.4500000000000000,.
1976-05-01,60.98295,59.74576,56.21651,295.6800000000000000,.
1976-06-01,61.38415,60.06356,57.10781,296.1000000000000000,.
1976-07-01,61.78536,60.38136,57.56347,296.8500000000000000,.
1976-08-01,61.58475,60.69915,57.98408,298.7600000000000000,.
1976-09-01,61.98596,61.01695,58.52486,299.3250000000000000,.
1976-10-01,62.08626,61.33475,58.92544,301.4000000000000000,.
1976-11-01,62.18656,61.54661,59.53633,303.5200000000000000,.
1976-12-01,62.68806,61.86441,60.66296,306.0250000000000000,.
1977-01-01,62.98897,62.18220,60.83822,308.2000000000000000,.
1977-02-01,63.69107,62.81780,61.65440,311.4000000000000000,.
1977-03-01,64.29288,63.13559,62.00491,313.7250000000000000,.
1977-04-01,65.09529,63.55932,62.45556,315.8000000000000000,.
1977-05-01,65.39619,63.77119,62.94627,317.0200000000000000,.
1977-06-01,65.19559,64.08898,63.27174,318.5500000000000000,.
1977-07-01,65.29589,64.40678,64.11797,319.7750000000000000,.
1977-08-01,65.19559,64.72458,64.37835,321.8800000000000000,.
1977-09-01,65.49649,64.93644,64.81899,324.1500000000000000,.
1977-10-01,65.79739,65.25424,65.66521,326.3600000000000000,.
1977-11-01,65.99799,65.67797,66.44635,328.6250000000000000,.
1977-12-01,66.39920,65.99576,66.89700,330.4750000000000000,.
1978-01-01,67.00100,66.41949,66.57153,334.2600000000000000,.
1978-02-01,67.70311,66.73729,67.85339,335.1250000000000000,.
1978-03-01,68.30491,67.16102,68.97501,336.6000000000000000,.
1978-04-01,69.20762,67.69068,69.92139,338.7750000000000000,.
1978-05-01,69.70913,68.32627,70.70252,344.6800000000000000,.
1978-06-01,70.21063,68.85593,71.39352,346.4250000000000000,.
1978-07-01,70.61184,69.38559,71.44359,347.7600000000000000,.
1978-08-01,70.61184,69.80932,72.45506,349.2750000000000000,.
1978-09-01,71.21364,70.44492,72.75049,352.1500000000000000,.
1978-10-01,72.01605,71.08051,73.45150,353.3200000000000000,.
1978-11-01,72.31695,71.50424,74.13750,355.3500000000000000,.
1978-12-01,72.91876,71.92797,74.93365,356.9500000000000000,.
1979-01-01,74.02207,72.56356,75.22908,358.7200000000000000,.
1979-02-01,75.12538,73.30508,76.00020,359.7750000000000000,.
1979-03-01,76.02808,74.04661,76.67117,362.0250000000000000,.
1979-04-01,77.13139,74.78814,77.03170,367.5400000000000000,.
1979-05-01,77.73320,75.63559,78.05318,369.1500000000000000,.
1979-06-01,78.23470,76.48305,78.89940,372.9000000000000000,.
1979-07-01,79.43831,77.33051,79.42016,377.0400000000000000,.
1979-08-01,79.83952,78.07203,80.89730,378.8250000000000000,.
1979-09-01,81.14343,78.81356,81.81363,378.8500000000000000,.
1979-10-01,82.34704,79.66102,82.19919,381.0800000000000000,.
1979-11-01,82.84855,80.50847,82.98533,381.3750000000000000,.
1979-12-01,83.65095,81.46186,83.43598,381.7200000000000000,.
1980-01-01,85.45637,82.62712,84.98823,385.3500000000000000,.
1980-02-01,87.16148,83.68644,85.19353,390.1250000000000000,.
1980-03-01,87.76329,84.85169,85.53402,388.5800000000000000,.
1980-04-01,88.06419,85.69915,84.88308,383.7750000000000000,.
1980-05-01,88.56570,86.54661,85.12844,384.4000000000000000,.
1980-06-01,88.96690,87.39407,86.06479,388.8200000000000000,.
1980-07-01,90.57172,87.50000,87.48185,393.5250000000000000,.
1980-08-01,91.77533,88.13559,88.31806,398.6500000000000000,.
1980-09-01,91.97593,88.87712,89.15427,404.3200000000000000,.
1980-10-01,93.07924,89.72458,90.98693,408.8250000000000000,.
1980-11-01,93.48044,90.67797,91.47264,410.4250000000000000,1594.4500000000000000
1980-12-01,94.08225,91.52542,92.71944,409.0000000000000000,1597.5000000000000000
1981-01-01,95.48646,92.37288,93.63577,410.9500000000000000,1603.2250000000000000
1981-02-01,96.38917,93.22034,94.34680,414.0750000000000000,1616.2000000000000000
1981-03-01,97.29188,93.85593,95.28316,418.2800000000000000,1636.0600000000000000
1981-04-01,98.29488,94.38559,95.35827,427.2500000000000000,1659.5500000000000000
1981-05-01,98.59579,95.02119,95.82895,425.0000000000000000,1663.4000000000000000
1981-06-01,98.79639,95.86864,96.86545,424.9800000000000000,1669.4000000000000000
1981-07-01,99.29789,96.92797,97.24601,427.1500000000000000,1681.3500000000000000
1981-08-01,99.29789,97.66949,98.47279,426.8000000000000000,1695.2400000000000000
1981-09-01,99.09729,98.62288,98.41771,426.9500000000000000,1706.4500000000000000
1981-10-01,99.19759,98.94068,98.33759,428.2750000000000000,1720.4500000000000000
1981-11-01,99.09729,99.36441,98.67308,430.8400000000000000,1735.2200000000000000
1981-12-01,99.09729,99.68220,99.58440,436.3000000000000000,1752.3750000000000000
1982-01-01,100.00000,100.00000,100.00000,442.1000000000000000,1763.6000000000000000
1982-02-01,100.10030,100.31780,101.20675,442.3500000000000000,1773.5500000000000000
1982-03-01,99.89970,100.31780,101.35196,442.5000000000000000,1785.8400000000000000
1982-04-01,99.89970,100.63559,101.46212,447.2500000000000000,1804.6500000000000000
1982-05-01,100.10030,101.58898,102.37344,446.5800000000000000,1813.0000000000000000
1982-06-01,100.30090,102.75424,102.55370,447.6000000000000000,1825.0250000000000000
1982-07-01,100.70211,103.28390,103.76045,447.8250000000000000,1830.2000000000000000
1982-08-01,100.60181,103.49576,104.15603,450.9400000000000000,1845.5000000000000000
1982-09-01,100.30090,103.49576,105.38281,456.4750000000000000,1859.1000000000000000
1982-10-01,100.50150,103.91949,106.44434,463.1750000000000000,1868.0250000000000000
1982-11-01,100.60181,103.81356,107.62105,470.9200000000000000,1884.2600000000000000
1982-12-01,100.80241,103.49576,108.23694,475.1000000000000000,1902.8500000000000000
1983-01-01,100.50150,103.70763,108.85784,476.6400000000000000,1953.4200000000000000
1983-02-01,100.80241,103.81356,109.00806,484.2750000000000000,1995.7500000000000000
1983-03-01,100.70211,103.91949,110.29993,490.2750000000000000,2013.4500000000000000
1983-04-01,100.70211,104.66102,111.48165,492.7000000000000000,2025.2000000000000000
1983-05-01,101.10331,105.08475,112.45806,499.3400000000000000,2040.4800000000000000
1983-06-01,101.30391,105.29661,113.96525,503.7750000000000000,2052.2000000000000000
1983-07-01,101.60481,105.72034,115.38731,507.0750000000000000,2064.7500000000000000
1983-08-01,102.10632,106.03814,116.18847,510.3000000000000000,2071.8000000000000000
1983-09-01,102.30692,106.35593,116.91453,512.6000000000000000,2079.4250000000000000
1983-10-01,102.50752,106.77966,118.05117,517.1400000000000000,2095.6200000000000000
1983-11-01,102.40722,107.09746,118.48681,518.8500000000000000,2104.9750000000000000
1983-12-01,102.60782,107.41525,119.85379,521.2000000000000000,2118.5750000000000000
1984-01-01,103.20963,108.15678,121.14566,524.6000000000000000,2135.8800000000000000
1984-02-01,103.51053,108.68644,120.34951,527.4000000000000000,2145.8750000000000000
1984-03-01,104.21264,109.00424,121.75655,531.0250000000000000,2171.6000000000000000
1984-04-01,104.31294,109.42797,123.05343,534.0600000000000000,2193.1800000000000000
1984-05-01,104.41324,109.63983,123.90466,536.5250000000000000,2205.2750000000000000
1984-06-01,104.31294,109.85169,124.96119,539.8500000000000000,2217.4750000000000000
1984-07-01,104.51354,110.27542,124.91112,540.8400000000000000,2227.3800000000000000
1984-08-01,104.11234,110.59322,125.79240,540.9250000000000000,2231.7000000000000000
1984-09-01,103.71113,110.91102,126.87397,542.6750000000000000,2242.0750000000000000
1984-10-01,103.71113,111.33475,126.74879,543.8600000000000000,2257.8000000000000000
1984-11-01,104.01204,111.54661,128.75670,547.9750000000000000,2279.0250000000000000
1984-12-01,103.81143,111.75847,129.31751,551.0400000000000000,2303.2600000000000000
1985-01-01,103.71113,111.97034,131.13014,556.4750000000000000,2333.3250000000000000
1985-02-01,103.61083,112.60593,132.23174,563.1000000000000000,2347.8750000000000000
1985-03-01,103.41023,113.13559,132.61730,566.0000000000000000,2360.8500000000000000
1985-04-01,103.61083,113.34746,133.16809,570.0800000000000000,2372.1000000000000000
1985-05-01,103.81143,113.55932,135.01577,574.8500000000000000,2384.0750000000000000
1985-06-01,103.61083,113.87712,134.66526,580.3000000000000000,2405.9750000000000000
1985-07-01,103.51053,114.08898,135.98217,588.5200000000000000,2427.5200000000000000
1985-08-01,103.00903,114.30085,137.80482,595.6750000000000000,2438.4500000000000000
1985-09-01,102.40722,114.51271,139.93791,602.6000000000000000,2449.1000000000000000
1985-10-01,103.20963,114.93644,137.99009,607.6000000000000000,2464.2750000000000000
1985-11-01,103.71113,115.46610,138.75620,611.2500000000000000,2473.2750000000000000
1985-12-01,103.91174,115.99576,140.76912,619.2400000000000000,2489.6800000000000000
1986-01-01,103.51053,116.41949,141.56026,621.6000000000000000,2503.4000000000000000
1986-02-01,102.00602,116.20763,141.21476,624.1250000000000000,2511.6750000000000000
1986-03-01,100.60181,115.57203,141.38501,632.8000000000000000,2534.7800000000000000
1986-04-01,99.89970,115.14831,141.96585,640.4250000000000000,2560.1000000000000000
1986-05-01,100.30090,115.46610,143.08247,651.2250000000000000,2583.1250000000000000
1986-06-01,100.20060,115.88983,143.29277,659.8000000000000000,2608.1800000000000000
1986-07-01,99.69910,115.99576,144.26919,669.9000000000000000,2631.8500000000000000
1986-08-01,99.59880,116.10169,145.14045,676.7750000000000000,2648.7750000000000000
1986-09-01,99.69910,116.52542,148.80577,686.9600000000000000,2669.0000000000000000
1986-10-01,100.00000,116.73729,146.85794,694.1750000000000000,2687.6000000000000000
1986-11-01,100.10030,116.94915,146.63262,702.5750000000000000,2699.7750000000000000
1986-12-01,100.00000,117.37288,150.07261,721.8800000000000000,2724.1800000000000000
1987-01-01,100.80241,118.00847,146.98813,730.9500000000000000,2747.5250000000000000
1987-02-01,101.30391,118.43220,150.30294,730.4250000000000000,2741.9500000000000000
1987-03-01,101.50451,118.85593,150.88378,733.3400000000000000,2750.4000000000000000
1987-04-01,102.20662,119.38559,152.16063,743.5750000000000000,2765.3250000000000000
1987-05-01,102.90873,119.70339,152.64133,745.3000000000000000,2766.5000000000000000
1987-06-01,103.30993,120.23305,153.86310,743.9600000000000000,2771.9600000000000000
1987-07-01,103.81143,120.55085,154.95969,743.3500000000000000,2777.6750000000000000
1987-08-01,104.11234,121.08051,156.76731,744.5200000000000000,2783.2000000000000000
1987-09-01,104.01204,121.50424,156.55200,747.1500000000000000,2791.8750000000000000
1987-10-01,104.41324,121.82203,156.95258,755.7000000000000000,2810.4000000000000000
1987-11-01,104.51354,122.24576,157.43829,753.9600000000000000,2817.2600000000000000
1987-12-01,104.51354,122.45763,158.93546,750.1250000000000000,2824.8250000000000000
1988-01-01,104.91474,122.88136,160.91833,754.7750000000000000,2841.9250000000000000
1988-02-01,105.11535,123.09322,161.30389,758.1600000000000000,2868.7400000000000000
1988-03-01,105.21565,123.41102,163.26173,761.3750000000000000,2892.6750000000000000
1988-04-01,106.11836,124.15254,163.38691,767.5750000000000000,2911.6500000000000000
1988-05-01,106.82046,124.47034,164.91913,771.3200000000000000,2922.9800000000000000
1988-06-01,107.52257,125.00000,166.16594,778.3250000000000000,2941.6500000000000000
1988-07-01,108.22467,125.52966,167.37770,780.3750000000000000,2951.3250000000000000
1988-08-01,108.32497,126.05932,168.64453,783.4600000000000000,2958.6200000000000000
1988-09-01,108.42528,126.58898,168.99504,784.0750000000000000,2961.3250000000000000
1988-10-01,108.52558,127.01271,170.93285,782.9200000000000000,2967.4600000000000000
1988-11-01,108.62588,127.43644,171.75905,784.7000000000000000,2983.6750000000000000
1988-12-01,109.32798,127.86017,173.23619,786.7000000000000000,2988.6750000000000000
1989-01-01,110.83250,128.38983,174.43794,786.0000000000000000,2993.3000000000000000
1989-02-01,111.13340,128.81356,174.65325,783.7000000000000000,2987.1500000000000000
1989-03-01,111.83551,129.44915,175.19403,783.9750000000000000,2998.8250000000000000
1989-04-01,112.63791,130.40254,177.40724,778.2750000000000000,3003.7500000000000000
1989-05-01,113.54062,131.03814,177.84788,776.2200000000000000,3006.1200000000000000
1989-06-01,113.23972,131.46186,178.58895,773.5250000000000000,3022.1000000000000000
1989-07-01,113.13942,131.88559,179.54534,777.3400000000000000,3049.1800000000000000
1989-08-01,112.33701,131.88559,181.29287,779.5500000000000000,3070.1500000000000000
1989-09-01,112.73821,132.20339,181.35797,780.2750000000000000,3083.9750000000000000
1989-10-01,113.13942,132.83898,181.94382,786.1200000000000000,3110.1800000000000000
1989-11-01,113.03912,133.36864,182.42952,787.8000000000000000,3131.8500000000000000
1989-12-01,113.34002,133.79237,184.47749,791.1000000000000000,3148.9750000000000000
1990-01-01,115.24574,135.06356,186.80587,795.4600000000000000,3164.7200000000000000
1990-02-01,114.74423,135.59322,186.68069,797.3750000000000000,3179.4000000000000000
1990-03-01,114.54363,136.22881,188.01763,800.8500000000000000,3189.2250000000000000
1990-04-01,114.44333,136.54661,188.77372,805.4800000000000000,3200.7600000000000000
1990-05-01,114.94483,136.75847,189.06414,804.2500000000000000,3200.4000000000000000
1990-06-01,114.64393,137.60593,190.50123,808.1000000000000000,3211.3500000000000000
1990-07-01,114.84453,138.24153,191.36248,810.5400000000000000,3224.2400000000000000
1990-08-01,116.85055,139.40678,192.69441,815.3500000000000000,3240.7000000000000000
1990-09-01,118.75627,140.36017,193.78599,819.6250000000000000,3252.6250000000000000
1990-10-01,121.16349,141.31356,193.81103,820.3400000000000000,3259.7600000000000000
1990-11-01,120.46138,141.63136,193.87612,822.9750000000000000,3263.0000000000000000
1990-12-01,119.05717,142.16102,193.34535,823.6600000000000000,3270.2000000000000000
1991-01-01,119.35807,142.69068,192.32888,826.7250000000000000,3286.5500000000000000
1991-02-01,117.55266,142.79661,193.61574,832.2000000000000000,3303.0500000000000000
1991-03-01,116.54965,142.79661,195.93410,836.8250000000000000,3318.6750000000000000
1991-04-01,116.34905,143.11441,195.63868,843.4000000000000000,3332.2000000000000000
1991-05-01,116.85055,143.64407,196.94557,848.8000000000000000,3342.9500000000000000
1991-06-01,116.75025,144.06780,197.31110,854.0750000000000000,3349.0000000000000000
1991-07-01,116.44935,144.27966,198.58795,861.5800000000000000,3356.7000000000000000
1991-08-01,116.54965,144.70339,198.74318,866.4250000000000000,3355.2500000000000000
1991-09-01,116.44935,145.12712,199.52431,869.9800000000000000,3354.7400000000000000
1991-10-01,116.75025,145.33898,199.08868,877.5750000000000000,3360.1250000000000000
1991-11-01,116.75025,145.97458,200.47068,885.5500000000000000,3364.2500000000000000
1991-12-01,116.24875,146.39831,201.31691,896.6800000000000000,3372.0200000000000000
1992-01-01,115.94784,146.50424,204.53157,909.0500000000000000,3378.9500000000000000
1992-02-01,116.34905,146.82203,205.27265,923.8250000000000000,3398.7750000000000000
1992-03-01,116.44935,147.35169,206.14892,935.1600000000000000,3403.6000000000000000
1992-04-01,116.64995,147.66949,206.87497,943.4000000000000000,3399.7500000000000000
1992-05-01,117.55266,147.98729,208.22192,949.5000000000000000,3398.9000000000000000
1992-06-01,118.35507,148.41102,209.15828,954.0400000000000000,3394.2200000000000000
1992-07-01,118.25476,148.83475,210.54529,962.8250000000000000,3394.0000000000000000
1992-08-01,118.05416,149.15254,211.35146,972.8200000000000000,3398.0200000000000000
1992-09-01,118.35507,149.47034,213.07396,987.3000000000000000,3410.1250000000000000
1992-10-01,118.45537,150.10593,214.54609,1001.8250000000000000,3421.8250000000000000
1992-11-01,118.15446,150.52966,215.33724,1015.1600000000000000,3427.1000000000000000
1992-12-01,117.95386,150.74153,217.13485,1024.6250000000000000,3425.2000000000000000
1993-01-01,118.35507,151.27119,217.35016,1029.8500000000000000,3418.3000000000000000
1993-02-01,118.75627,151.58898,218.08122,1032.5500000000000000,3413.8250000000000000
1993-03-01,119.05717,151.80085,217.94101,1037.4000000000000000,3411.3200000000000000
1993-04-01,119.65898,152.33051,219.98898,1046.0000000000000000,3408.8500000000000000
1993-05-01,120.06018,152.75424,221.44109,1064.6000000000000000,3435.9800000000000000
1993-06-01,119.85958,152.86017,222.32237,1074.8500000000000000,3442.8000000000000000
1993-07-01,119.55868,153.07203,223.76947,1083.6000000000000000,3441.3250000000000000
1993-08-01,119.05717,153.38983,224.38035,1093.2000000000000000,3445.3000000000000000
1993-09-01,119.05717,153.60169,225.90256,1103.6000000000000000,3451.9500000000000000
1993-10-01,119.45838,154.23729,226.96911,1111.0500000000000000,3454.6000000000000000
1993-11-01,119.35807,154.66102,228.03565,1123.3000000000000000,3469.0000000000000000
1993-12-01,118.95687,154.97881,228.88689,1129.7500000000000000,3475.5500000000000000
1994-01-01,119.45838,154.97881,229.58790,1131.1600000000000000,3474.0400000000000000
1994-02-01,119.65898,155.40254,231.96635,1136.2750000000000000,3475.7250000000000000
1994-03-01,120.06018,155.82627,232.63732,1139.6500000000000000,3480.2250000000000000
1994-04-01,120.06018,155.93220,233.89415,1141.3500000000000000,3479.7250000000000000
1994-05-01,120.26078,156.25000,233.81403,1143.0600000000000000,3490.8000000000000000
1994-06-01,120.86259,156.67373,235.78689,1145.3500000000000000,3479.6750000000000000
1994-07-01,121.06319,157.20339,236.37274,1149.4000000000000000,3486.2250000000000000
1994-08-01,121.56469,157.83898,238.47579,1150.8600000000000000,3486.9600000000000000
1994-09-01,121.36409,158.15678,239.09669,1152.5500000000000000,3486.7500000000000000
1994-10-01,121.26379,158.26271,240.99444,1149.8600000000000000,3483.8600000000000000
1994-11-01,121.86560,158.68644,241.63036,1150.9000000000000000,3487.0750000000000000
1994-12-01,122.26680,159.00424,242.43153,1151.6000000000000000,3487.6750000000000000
1995-01-01,123.26981,159.42797,242.91222,1150.6200000000000000,3490.6600000000000000
1995-02-01,123.87161,159.85169,242.89219,1147.5000000000000000,3490.1000000000000000
1995-03-01,124.27282,160.16949,244.62471,1147.4750000000000000,3491.7750000000000000
1995-04-01,124.97492,160.80508,244.86505,1147.9500000000000000,3494.7250000000000000
1995-05-01,125.27583,161.12288,247.01317,1146.1400000000000000,3520.9600000000000000
1995-06-01,125.67703,161.44068,249.23639,1144.7500000000000000,3547.8000000000000000
1995-07-01,125.67703,161.65254,248.87086,1144.9400000000000000,3565.7200000000000000
1995-08-01,125.47643,161.97034,250.62841,1145.7750000000000000,3588.3500000000000000
1995-09-01,125.57673,162.18220,251.38951,1143.3500000000000000,3600.8500000000000000
1995-10-01,125.67703,162.60593,251.05904,1136.7200000000000000,3612.0400000000000000
1995-11-01,125.77733,162.81780,253.14706,1135.1500000000000000,3619.6500000000000000
1995-12-01,126.07823,163.02966,255.24511,1126.5500000000000000,3627.0250000000000000
1996-01-01,126.68004,163.87712,254.65425,1124.7000000000000000,3645.6600000000000000
1996-02-01,126.57974,164.19492,257.01267,1118.1750000000000000,3658.8750000000000000
1996-03-01,126.78034,164.72458,259.04061,1121.4250000000000000,3684.9000000000000000
1996-04-01,127.78335,165.36017,260.77813,1125.3800000000000000,3697.0200000000000000
1996-05-01,128.48546,165.67797,261.56928,1117.1750000000000000,3708.9750000000000000
1996-06-01,128.38516,165.99576,261.86971,1114.1500000000000000,3719.6250000000000000
1996-07-01,128.38516,166.31356,262.97632,1113.7000000000000000,3735.3800000000000000
1996-08-01,128.68606,166.52542,264.13299,1102.8250000000000000,3744.4000000000000000
1996-09-01,128.58576,167.05508,265.21456,1096.3800000000000000,3752.1000000000000000
1996-10-01,128.38516,167.58475,266.81188,1086.1500000000000000,3771.7500000000000000
1996-11-01,128.58576,168.11441,267.94853,1083.7750000000000000,3791.8500000000000000
1996-12-01,129.48847,168.53814,269.32051,1081.3800000000000000,3816.6000000000000000
1997-01-01,130.09027,168.85593,270.94787,1081.7500000000000000,3834.0500000000000000
1997-02-01,128.88666,169.17373,272.09454,1079.3000000000000000,3844.9250000000000000
1997-03-01,127.68305,169.27966,273.10600,1072.6200000000000000,3859.8000000000000000
1997-04-01,127.38215,169.38559,273.36137,1063.9750000000000000,3877.2750000000000000
1997-05-01,127.78335,169.38559,273.40644,1063.4750000000000000,3887.2250000000000000
1997-06-01,127.58275,169.70339,275.10891,1065.9600000000000000,3905.0600000000000000
1997-07-01,127.28185,169.91525,277.84287,1064.8750000000000000,3922.7500000000000000
1997-08-01,127.58275,170.33898,279.75565,1075.5250000000000000,3952.2750000000000000
1997-09-01,127.88365,170.76271,280.49171,1067.6600000000000000,3973.0600000000000000
1997-10-01,128.18455,171.08051,282.29433,1064.5750000000000000,3991.0000000000000000
1997-11-01,128.28485,171.29237,283.46603,1071.3250000000000000,4010.7000000000000000
1997-12-01,127.18154,171.39831,285.01828,1071.5000000000000000,4031.0800000000000000
1998-01-01,125.77733,171.61017,284.90812,1075.0250000000000000,4054.8000000000000000
1998-02-01,125.37613,171.61017,286.60558,1076.6250000000000000,4082.4250000000000000
1998-03-01,125.07523,171.61017,287.93250,1077.2000000000000000,4112.6800000000000000
1998-04-01,125.27583,171.82203,289.82525,1076.3000000000000000,4139.3250000000000000
1998-05-01,125.47643,172.24576,292.31886,1079.3500000000000000,4159.9250000000000000
1998-06-01,125.17553,172.45763,294.01132,1076.2200000000000000,4183.2200000000000000
1998-07-01,125.27583,172.88136,294.92765,1074.6500000000000000,4203.5250000000000000
1998-08-01,124.57372,173.09322,296.68019,1076.3000000000000000,4227.2000000000000000
1998-09-01,124.17252,173.19915,298.71313,1079.5000000000000000,4267.0000000000000000
1998-10-01,124.37312,173.62288,300.37554,1085.3000000000000000,4303.0250000000000000
1998-11-01,123.97192,173.83475,301.20675,1094.1400000000000000,4344.4600000000000000
1998-12-01,123.16951,174.15254,303.96575,1093.8500000000000000,4373.8500000000000000
1999-01-01,123.26981,174.47034,304.13600,1099.7500000000000000,4399.2000000000000000
1999-02-01,122.66800,174.47034,305.40283,1097.3250000000000000,4423.5750000000000000
1999-03-01,122.96891,174.57627,307.09529,1096.4800000000000000,4431.0000000000000000
1999-04-01,123.97192,175.74153,310.42512,1100.0750000000000000,4460.1000000000000000
1999-05-01,125.07523,175.84746,312.05748,1104.1000000000000000,4483.6400000000000000
1999-06-01,125.57673,175.84746,313.46953,1100.1000000000000000,4507.2000000000000000
1999-07-01,126.07823,176.58898,314.83651,1098.1750000000000000,4532.3500000000000000
1999-08-01,127.28185,177.01271,317.05473,1099.3400000000000000,4550.8600000000000000
1999-09-01,128.38516,177.75424,319.78869,1095.8000000000000000,4566.9000000000000000
1999-10-01,128.08425,178.07203,321.03550,1103.1000000000000000,4587.5000000000000000
1999-11-01,128.68606,178.38983,322.90321,1109.4800000000000000,4610.2400000000000000
1999-12-01,128.18455,178.81356,327.52491,1119.8250000000000000,4635.4750000000000000
2000-01-01,128.68606,179.34322,327.62005,1125.6600000000000000,4672.2400000000000000
2000-02-01,130.19057,180.08475,331.74603,1108.6750000000000000,4679.8000000000000000
2000-03-01,131.19358,181.14407,334.81048,1106.0000000000000000,4706.0500000000000000
2000-04-01,131.09328,181.03814,334.43994,1118.1750000000000000,4763.0000000000000000
2000-05-01,131.99599,181.35593,335.97216,1105.1200000000000000,4755.6200000000000000
2000-06-01,134.20261,182.41525,337.83486,1101.6250000000000000,4771.5000000000000000
2000-07-01,134.10231,182.94492,338.91643,1104.1200000000000000,4788.6800000000000000
2000-08-01,133.29990,182.94492,340.63392,1100.4500000000000000,4815.7750000000000000
2000-09-01,135.10532,183.89831,344.93015,1099.8500000000000000,4850.1250000000000000
2000-10-01,135.80742,184.21610,345.19053,1098.8200000000000000,4869.1600000000000000
2000-11-01,135.40622,184.53390,345.99169,1093.0250000000000000,4878.1500000000000000
2000-12-01,136.60983,184.95763,348.11477,1088.4500000000000000,4915.3250000000000000
2001-01-01,140.42126,186.01695,349.87732,1095.0400000000000000,4971.8400000000000000
2001-02-01,137.81344,186.44068,350.59837,1100.5500000000000000,5010.0250000000000000
2001-03-01,136.30893,186.54661,350.34300,1108.0000000000000000,5064.4250000000000000
2001-04-01,136.81043,186.86441,350.71854,1116.3000000000000000,5131.6400000000000000
2001-05-01,137.21163,187.81780,353.15207,1117.7750000000000000,5129.6750000000000000
2001-06-01,135.90772,188.24153,353.99830,1125.4750000000000000,5169.5500000000000000
2001-07-01,133.80140,187.92373,354.62921,1137.4600000000000000,5200.4000000000000000
2001-08-01,133.80140,187.92373,356.60207,1147.7000000000000000,5233.9250000000000000
2001-09-01,133.70110,188.66525,350.85875,1207.6500000000000000,5336.7750000000000000
2001-10-01,130.69208,188.13559,361.16869,1166.6600000000000000,5336.1200000000000000
2001-11-01,130.19057,188.02966,359.63647,1169.7500000000000000,5376.2750000000000000
2001-12-01,128.48546,187.92373,358.85534,1182.4600000000000000,5429.8000000000000000
2002-01-01,128.88666,188.24153,359.75164,1190.7750000000000000,5451.8000000000000000
2002-02-01,128.78636,188.55932,361.78459,1190.4250000000000000,5480.8500000000000000
2002-03-01,130.19057,189.08898,362.69591,1194.7000000000000000,5493.9000000000000000
2002-04-01,131.19358,189.93644,366.15593,1186.7600000000000000,5496.1400000000000000
2002-05-01,131.19358,190.14831,364.97421,1186.8750000000000000,5521.1000000000000000
2002-06-01,131.29388,190.25424,366.65665,1194.6750000000000000,5538.7750000000000000
2002-07-01,131.59478,190.67797,369.90136,1199.2600000000000000,5583.3600000000000000
2002-08-01,131.89569,191.20763,371.16819,1183.7750000000000000,5629.1500000000000000
2002-09-01,132.69809,191.52542,370.11166,1197.1400000000000000,5653.9000000000000000
2002-10-01,133.60080,191.94915,372.29983,1203.5750000000000000,5696.7750000000000000
2002-11-01,133.50050,192.26695,373.73191,1206.4250000000000000,5745.7750000000000000
2002-12-01,133.29990,192.58475,376.54098,1221.2400000000000000,5771.1600000000000000
2003-01-01,135.70712,193.43220,377.61254,1224.1500000000000000,5802.2500000000000000
2003-02-01,138.01404,194.49153,377.97807,1238.3000000000000000,5837.0750000000000000
2003-03-01,141.62487,194.80932,381.12764,1240.0600000000000000,5859.1200000000000000
2003-04-01,137.21163,194.06780,382.27930,1249.2500000000000000,5894.4750000000000000
2003-05-01,137.11133,193.75000,383.07045,1266.9250000000000000,5957.4750000000000000
2003-06-01,138.41525,193.96186,385.53903,1280.3400000000000000,5992.0600000000000000
2003-07-01,138.11434,194.59746,388.41320,1286.0000000000000000,6037.6750000000000000
2003-08-01,138.41525,195.44492,393.17510,1298.6750000000000000,6099.9000000000000000
2003-09-01,138.91675,196.08051,393.25522,1295.9800000000000000,6077.5400000000000000
2003-10-01,139.71916,195.86864,393.94121,1294.7000000000000000,6064.2750000000000000
2003-11-01,139.31795,195.97458,396.70522,1303.3500000000000000,6066.0750000000000000
2003-12-01,139.91976,196.50424,398.09724,1303.7200000000000000,6068.2800000000000000
2004-01-01,141.82548,197.35169,400.93636,1304.7000000000000000,6070.9250000000000000
2004-02-01,142.52758,197.77542,402.60378,1320.4500000000000000,6107.9000000000000000
2004-03-01,143.53059,198.19915,405.52802,1327.3000000000000000,6145.2200000000000000
2004-04-01,145.23571,198.51695,405.94863,1328.4250000000000000,6182.9750000000000000
2004-05-01,147.24173,199.36441,409.41866,1336.0800000000000000,6264.6200000000000000
2004-06-01,147.64293,200.10593,408.47228,1343.6250000000000000,6270.2500000000000000
2004-07-01,147.84353,200.31780,412.44304,1339.0000000000000000,6280.9500000000000000
2004-08-01,148.44534,200.42373,414.18056,1353.5800000000000000,6307.4600000000000000
2004-09-01,148.14443,201.05932,417.68064,1361.6000000000000000,6342.8250000000000000
2004-10-01,150.45135,202.11864,420.46467,1364.5250000000000000,6366.2250000000000000
2004-11-01,151.85557,203.07203,422.83812,1370.9200000000000000,6398.4400000000000000
2004-12-01,150.65196,203.07203,425.83746,1374.2000000000000000,6419.9250000000000000
2005-01-01,151.35406,202.96610,425.50198,1359.4600000000000000,6407.1000000000000000
2005-02-01,152.05617,203.81356,428.57644,1371.1000000000000000,6432.5250000000000000
2005-03-01,154.16249,204.55508,430.54429,1371.9000000000000000,6440.6000000000000000
2005-04-01,155.46640,205.19068,434.55010,1358.3000000000000000,6453.3500000000000000
2005-05-01,154.76429,205.08475,434.20960,1365.3200000000000000,6471.6000000000000000
2005-06-01,154.76429,205.19068,438.30554,1379.9250000000000000,6503.6000000000000000
2005-07-01,156.77031,206.46186,443.33283,1371.1000000000000000,6529.4750000000000000
2005-08-01,158.07422,207.73305,443.14756,1375.9000000000000000,6567.6200000000000000
2005-09-01,162.68806,210.59322,445.66622,1374.9750000000000000,6600.8000000000000000
2005-10-01,166.70010,210.91102,447.57398,1378.8000000000000000,6635.7400000000000000
2005-11-01,164.19258,209.85169,447.95954,1376.4250000000000000,6653.7250000000000000
2005-12-01,163.49047,209.85169,449.70708,1373.9000000000000000,6677.4250000000000000
2006-01-01,164.79438,211.12288,454.23865,1379.2400000000000000,6719.5800000000000000
2006-02-01,162.28686,211.22881,455.46042,1378.5250000000000000,6746.6000000000000000
2006-03-01,162.68806,211.54661,457.30810,1379.9750000000000000,6761.3500000000000000
2006-04-01,164.79438,212.60593,460.24736,1386.1500000000000000,6793.2250000000000000
2006-05-01,166.29890,213.24153,462.26028,1385.6800000000000000,6805.9600000000000000
2006-06-01,166.59980,213.77119,463.65230,1372.8250000000000000,6839.9500000000000000
2006-07-01,167.30191,214.93644,467.86841,1374.5000000000000000,6883.2400000000000000
2006-08-01,168.40522,215.88983,467.78829,1372.2000000000000000,6914.5000000000000000
2006-09-01,165.89769,214.83051,469.45070,1365.4250000000000000,6939.8000000000000000
2006-10-01,162.68806,213.87712,470.36202,1369.9400000000000000,6987.8600000000000000
2006-11-01,165.09529,213.98305,470.69250,1369.7500000000000000,7024.9250000000000000
2006-12-01,166.09829,215.14831,475.10390,1368.5000000000000000,7062.4250000000000000
2007-01-01,164.49348,215.50530,477.62756,1370.0200000000000000,7106.1400000000000000
2007-02-01,167.30191,216.34110,478.99454,1363.8250000000000000,7123.7500000000000000
2007-03-01,169.80943,217.46610,481.28286,1363.9750000000000000,7148.2500000000000000
2007-04-01,171.91575,218.11864,482.88018,1377.9600000000000000,7226.0000000000000000
2007-05-01,173.82146,219.02013,484.99324,1380.5250000000000000,7242.8500000000000000
2007-06-01,174.32297,219.52754,486.04476,1368.6250000000000000,7271.6000000000000000
2007-07-01,175.62688,219.91843,488.26298,1372.6800000000000000,7305.6200000000000000
2007-08-01,172.91876,219.98623,490.65645,1370.6000000000000000,7378.8500000000000000
2007-09-01,174.02207,220.91843,492.96981,1383.4000000000000000,7401.8750000000000000
2007-10-01,175.22568,221.59958,494.85254,1377.3200000000000000,7414.6000000000000000
2007-11-01,179.53862,223.34110,498.51785,1369.7750000000000000,7437.7500000000000000
2007-12-01,179.13741,223.98835,499.36408,1374.7000000000000000,7469.2200000000000000
2008-01-01,181.54463,224.76059,500.54579,1376.7750000000000000,7498.1500000000000000
2008-02-01,183.24975,225.30403,499.80972,1378.1000000000000000,7582.7750000000000000
2008-03-01,188.46540,226.11017,502.49362,1390.1200000000000000,7651.2800000000000000
2008-04-01,191.47442,226.63347,504.24616,1391.2250000000000000,7699.0750000000000000
2008-05-01,197.19157,227.97458,507.35066,1391.3000000000000000,7706.0500000000000000
2008-06-01,201.10331,230.36335,510.09464,1404.6600000000000000,7727.5000000000000000
2008-07-01,206.11836,232.00847,509.99449,1420.8250000000000000,7772.6750000000000000
2008-08-01,199.59880,231.66314,509.52381,1408.8750000000000000,7790.1250000000000000
2008-09-01,197.49248,231.86123,506.55450,1452.8000000000000000,7844.7000000000000000
2008-10-01,186.96088,229.86758,502.43353,1466.7500000000000000,7965.0750000000000000
2008-11-01,177.33200,225.79767,494.97772,1512.6500000000000000,7996.2750000000000000
2008-12-01,171.41424,223.93856,490.78664,1587.3400000000000000,8171.8400000000000000
2009-01-01,171.71515,224.50530,493.07496,1588.8500000000000000,8271.1500000000000000
2009-02-01,169.80943,225.32309,491.93831,1566.7500000000000000,8298.6500000000000000
2009-03-01,168.60582,225.10064,489.36959,1575.4000000000000000,8364.6200000000000000
2009-04-01,169.60883,225.32733,489.33454,1613.2750000000000000,8368.9000000000000000
2009-05-01,171.31394,225.65890,490.29092,1617.3250000000000000,8427.0000000000000000
2009-06-01,174.62387,227.53178,493.33534,1651.5600000000000000,8441.4400000000000000
2009-07-01,173.01906,227.46398,495.03280,1659.7250000000000000,8444.9500000000000000
2009-08-01,175.52658,228.22564,500.93135,1662.2200000000000000,8445.6400000000000000
2009-09-01,174.62387,228.66631,497.11081,1665.1000000000000000,8444.3750000000000000
2009-10-01,175.72718,229.35275,499.55936,1675.7750000000000000,8467.8500000000000000
2009-11-01,177.93380,230.12076,500.01001,1683.0000000000000000,8498.8400000000000000
2009-12-01,178.63591,230.24047,503.35987,1691.1500000000000000,8501.1750000000000000
2010-01-01,182.44734,230.38983,503.53513,1679.0750000000000000,8452.9250000000000000
2010-02-01,181.54463,230.17055,505.40283,1694.7000000000000000,8502.4750000000000000
2010-03-01,183.85155,230.24682,508.53738,1710.5000000000000000,8504.7600000000000000
2010-04-01,184.95486,230.29979,509.85429,1693.8500000000000000,8530.2500000000000000
2010-05-01,185.35607,230.18008,511.28136,1712.1600000000000000,8587.8800000000000000
2010-06-01,184.05216,230.08369,512.30785,1732.4500000000000000,8611.4000000000000000
2010-07-01,184.65396,230.51377,514.15052,1722.7500000000000000,8611.8750000000000000
2010-08-01,185.45637,230.85064,516.10335,1745.8800000000000000,8666.1800000000000000
2010-09-01,185.45637,231.22352,517.10480,1764.4750000000000000,8697.4000000000000000
2010-10-01,187.16148,232.02860,520.07411,1782.9250000000000000,8745.2500000000000000
2010-11-01,188.26479,232.61653,522.43753,1818.2400000000000000,8768.2600000000000000
2010-12-01,190.27081,233.55085,524.31025,1833.9250000000000000,8801.8750000000000000
2011-01-01,193.27984,234.30826,526.47839,1853.1200000000000000,8834.2600000000000000
2011-02-01,196.38917,235.06144,527.79530,1872.6250000000000000,8884.2000000000000000
2011-03-01,199.79940,236.27754,531.75605,1890.8750000000000000,8925.8000000000000000
2011-04-01,203.71113,237.38665,533.37840,1896.7000000000000000,8979.6000000000000000
2011-05-01,204.71414,238.14195,534.38486,1935.6200000000000000,9040.3400000000000000
2011-06-01,204.51354,238.14195,535.51650,1952.1000000000000000,9111.6000000000000000
2011-07-01,205.21565,238.76589,537.35917,1986.6000000000000000,9274.2250000000000000
2011-08-01,203.81143,239.51907,538.29553,2105.0800000000000000,9516.5200000000000000
2011-09-01,204.31294,240.03919,539.94292,2119.4250000000000000,9549.0750000000000000
2011-10-01,201.70512,240.20127,540.92935,2143.7000000000000000,9583.4200000000000000
2011-11-01,202.00602,240.64513,541.12463,2167.4500000000000000,9624.4500000000000000
2011-12-01,200.40120,240.70233,541.67543,2157.5750000000000000,9650.4250000000000000
2012-01-01,201.30391,241.35805,545.63117,2201.6600000000000000,9740.4400000000000000
2012-02-01,202.20662,241.87394,550.15773,2209.2250000000000000,9783.1250000000000000
2012-03-01,204.81444,242.38030,550.49322,2224.4250000000000000,9823.7250000000000000
2012-04-01,204.31294,242.78284,551.72500,2247.9400000000000000,9881.7800000000000000
2012-05-01,202.50752,242.28072,551.13915,2256.7750000000000000,9915.1500000000000000
2012-06-01,200.40120,242.08051,550.28792,2273.3000000000000000,9974.7750000000000000
2012-07-01,200.70211,242.15042,551.63988,2313.5000000000000000,10053.3600000000000000
2012-08-01,203.30993,243.55720,553.60272,2337.1500000000000000,10123.2250000000000000
2012-09-01,205.01505,244.71928,556.07130,2396.0750000000000000,10197.9750000000000000
2012-10-01,204.11234,245.37924,557.67863,2414.7000000000000000,10267.3200000000000000
2012-11-01,202.40722,244.96716,559.73161,2417.6750000000000000,10328.1250000000000000
2012-12-01,202.10632,244.93750,559.87181,2461.9000000000000000,10448.8400000000000000
2013-01-01,203.10933,245.42267,563.10650,2473.3500000000000000,10485.1000000000000000
2013-02-01,204.91474,246.75530,564.92414,2473.4000000000000000,10476.2750000000000000
2013-03-01,204.61384,246.06144,564.26318,2471.4250000000000000,10536.1250000000000000
2013-04-01,204.11234,245.54767,563.78248,2514.9200000000000000,10591.2200000000000000
2013-05-01,204.71414,245.64936,565.57508,2521.2000000000000000,10619.6250000000000000
2013-06-01,204.91474,246.23411,566.74678,2540.0750000000000000,10666.4000000000000000
2013-07-01,205.01505,246.71610,568.16384,2543.0600000000000000,10730.3400000000000000
2013-08-01,204.81444,247.30508,569.67102,2544.9250000000000000,10786.2750000000000000
2013-09-01,204.51354,247.39831,571.52371,2583.8800000000000000,10842.8400000000000000
2013-10-01,203.10933,247.53072,574.09243,2624.4750000000000000,10957.6500000000000000
2013-11-01,201.80542,247.98729,577.40223,2617.6250000000000000,10959.7250000000000000
2013-12-01,202.60782,248.64301,578.76922,2662.9200000000000000,11023.0200000000000000
2014-01-01,204.41324,249.24576,578.02313,2685.1750000000000000,11072.1500000000000000
2014-02-01,206.31896,249.52013,581.61334,2726.1750000000000000,11154.2750000000000000
2014-03-01,207.62287,250.02966,585.60913,2755.7800000000000000,11198.3600000000000000
2014-04-01,208.92678,250.49576,587.72220,2777.9750000000000000,11256.6000000000000000
2014-05-01,208.62588,250.97246,589.78519,2789.3250000000000000,11316.8000000000000000
2014-06-01,208.92678,251.30403,592.75950,2828.2000000000000000,11379.7800000000000000
2014-07-01,208.62588,251.58686,594.82249,2842.0000000000000000,11438.1750000000000000
2014-08-01,207.62287,251.54661,598.80827,2806.2750000000000000,11465.9750000000000000
2014-09-01,207.02106,251.56462,599.11371,2853.6400000000000000,11501.5800000000000000
2014-10-01,204.01204,251.51483,602.64884,2860.2750000000000000,11563.4250000000000000
2014-11-01,201.50451,251.04131,603.79550,2890.8250000000000000,11590.5000000000000000
2014-12-01,197.59278,250.26695,604.25617,2931.2800000000000000,11672.7800000000000000
2015-01-01,192.57773,248.67267,602.69891,2929.4750000000000000,11725.5500000000000000
2015-02-01,191.67503,249.30297,605.03230,3003.4000000000000000,11853.3500000000000000
2015-03-01,192.07623,249.97458,607.49086,3002.4400000000000000,11882.7000000000000000
2015-04-01,191.47442,250.23517,609.39863,3000.7000000000000000,11929.1750000000000000
2015-05-01,193.98195,251.06038,612.56822,2989.3750000000000000,11952.0000000000000000
2015-06-01,195.38616,251.75530,614.40589,3012.9400000000000000,12003.620000000000
2015-07-01,194.48345,252.15466,617.27004,3032.4750000000000000,12059.6250000000000000
2015-08-01,192.47743,252.15360,618.86235,3036.6800000000000000,12104.700000000000
2015-09-01,189.66901,251.58686,618.71714,3047.0750000000000000,12166.0750000000000000
2015-10-01,188.06419,251.83581,619.01257,3008.6250000000000000,12182.4250000000000000
2015-11-01,186.25878,252.13665,620.77512,3079.4600000000000000,12284.660000000000
2015-12-01,184.05216,251.86547,622.54269,3084.8500000000000000,12341.2250000000000000
2016-01-01,183.14945,251.75000,623.50909,3110.1750000000000000,12445.2250000000000000
2016-02-01,181.84554,251.41525,627.22448,3120.5200000000000000,12544.160000000000
2016-03-01,182.64794,252.20339,626.24806,3149.3000000000000000,12605.750000000000
2016-04-01,183.75125,253.16949,630.21381,3191.2500000000000000,12685.625000000000
2016-05-01,185.85757,253.76801,632.13660,3240.3800000000000000,12766.460000000000
2016-06-01,188.16449,254.47246,636.00721,3245.2750000000000000,12833.525000000000
2016-07-01,188.26479,254.34428,636.95358,3252.3250000000000000,12881.650000000000
2016-08-01,187.16148,254.81462,638.41570,3304.6600000000000000,12974.060000000000
2016-09-01,187.46239,255.48305,641.26984,3317.3000000000000000,13040.325000000000
2016-10-01,187.26179,256.08157,642.33639,3338.6800000000000000,13106.340000000000
2016-11-01,186.86058,256.38347,643.61324,3354.8250000000000000,13181.850000000000
2016-12-01,188.76630,257.03072,649.08617,3336.5250000000000000,13209.025000000000
2017-01-01,191.27382,258.07203,651.69996,3383.7400000000000000,13278.900000000000
2017-02-01,192.17653,258.33898,652.68139,3401.6250000000000000,13352.575000000000
2017-03-01,192.07623,258.22669,655.43037,3436.1500000000000000,13421.900000000000
2017-04-01,193.58074,258.76483,657.33814,3465.6750000000000000,13474.650000000000
2017-05-01,193.38014,258.54767,657.38821,3508.6400000000000000,13541.340000000000
2017-06-01,194.18255,258.70551,659.79671,3517.2750000000000000,13570.925000000000
2017-07-01,194.08225,258.77119,660.87327,3554.6800000000000000,13625.960000000000
2017-08-01,194.38315,259.75106,663.01137,3588.9750000000000000,13685.925000000000
2017-09-01,195.38616,261.17691,669.22538,3570.5000000000000000,13722.075000000000
2017-10-01,195.48646,261.28919,670.71253,3601.0800000000000000,13779.700000000000
2017-11-01,196.48947,262.05297,675.76486,3627.5000000000000000,13806.150000000000
2017-12-01,196.89067,262.43220,681.07756,3613.8500000000000000,13846.550000000000
2018-01-01,198.49549,263.47564,681.99389,3638.8400000000000000,13864.920000000000
2018-02-01,199.89970,264.08898,683.85158,3616.8500000000000000,13901.050000000000
2018-03-01,199.89970,264.31886,687.24651,3661.2750000000000000,13958.875000000000
2018-04-01,200.90271,265.12182,691.46763,3661.5600000000000000,14000.000000000000
2018-05-01,203.81143,265.66314,694.61219,3656.1000000000000000,14063.025000000000
2018-06-01,204.81444,266.05085,696.65515,3658.5500000000000000,14128.175000000000
2018-07-01,204.91474,266.25530,699.14376,3679.5600000000000000,14166.460000000000
2018-08-01,204.01204,266.66843,701.74253,3677.7000000000000000,14206.200000000000
2018-09-01,204.21264,267.14301,702.55370,3721.8250000000000000,14238.750000000000
2018-10-01,205.21565,267.90148,707.00516,3720.0400000000000000,14252.180000000000
2018-11-01,202.90873,267.81992,710.42011,3689.7000000000000000,14250.000000000000
2018-12-01,201.60481,267.47140,703.55015,3753.9800000000000000,14359.920000000000
2019-01-01,199.69910,267.41631,706.24405,3738.2500000000000000,14444.650000000000
2019-02-01,199.79940,267.97564,706.92003,3765.5000000000000000,14473.575000000000
2019-03-01,201.40421,269.22352,713.25422,3737.1750000000000000,14513.775000000000
2019-04-01,202.70812,270.47246,717.50538,3775.5400000000000000,14568.180000000000
2019-05-01,202.30692,270.52013,719.65350,3782.5250000000000000,14654.425000000000
2019-06-01,200.90271,270.57521,722.33238,3844.5250000000000000,14776.375000000000
2019-07-01,201.30391,271.10699,725.42186,3852.1600000000000000,14865.700000000000
2019-08-01,199.79940,271.31144,727.87542,3853.3750000000000000,14937.650000000000
2019-09-01,198.99699,271.75000,729.29247,3901.8000000000000000,15027.660000000000
2019-10-01,199.19759,272.65572,731.45561,3921.9500000000000000,15154.650000000000
2019-11-01,199.59880,273.29343,734.44495,3950.3000000000000000,15253.700000000000
2019-12-01,199.59880,273.52013,735.38130,3977.3600000000000000,15316.280000000000
2020-01-01,199.89970,274.03284,739.56737,3959.1750000000000000,15408.700000000000
2020-02-01,197.29188,274.17797,740.32848,4011.5750000000000000,15447.575000000000
2020-03-01,193.68104,273.29343,689.10921,4208.0600000000000000,15910.380000000000
2020-04-01,186.05817,271.38983,601.96285,4763.1250000000000000,16961.825000000000
2020-05-01,189.16750,271.12500,653.85309,16212.200000000000,17829.950000000000
2020-06-01,191.77533,272.54449,695.47344,16556.780000000000,18141.420000000000
2020-07-01,193.58074,273.94492,707.48585,16802.575000000000,18333.200000000000
2020-08-01,194.88465,274.90572,714.56111,16900.060000000000,18373.960000000000
2020-09-01,196.08826,275.58157,725.13645,17198.125000000000,18623.700000000000
2020-10-01,197.09127,275.91314,728.35612,17340.500000000000,18727.700000000000
2020-11-01,198.89669,276.40572,724.41540,17594.420000000000,18951.460000000000
2020-12-01,201.10331,277.07627,720.51975,17785.650000000000,19089.125000000000
2021-01-01,205.41625,277.78708,743.97376,18073.500000000000,19352.075000000000
2021-02-01,211.23370,278.77225,736.04727,.,.
2021-03-01,215.64694,280.50106,774.06740,.,.
2021-04-01,218.15446,282.66102,781.86370,.,.
2021-05-01,225.07523,284.48199,782.28932,.,.
2021-06-01,229.18756,287.05614,790.64644,.,.
2021-07-01,231.89569,288.41631,792.76451,.,.
